time_s,current_A
0,2
1,2.001745813313549
2,2.003491621306091
3,2.005237418656638
4,2.006983200044233
5,2.008728960147967
6,2.010474693646995
7,2.012220395220557
8,2.013966059547986
9,2.01571168130873
10,2.017457255182368
11,2.019202775848624
12,2.020948237987384
13,2.022693636278712
14,2.024438965402867
15,2.02618422004032
16,2.027929394871767
17,2.029674484578148
18,2.031419483840664
19,2.033164387340789
20,2.03490918976029
21,2.036653885781243
22,2.038398470086048
23,2.040142937357444
24,2.041887282278528
25,2.04363149953277
26,2.045375583804028
27,2.047119529776567
28,2.048863332135072
29,2.050606985564666
30,2.052350484750927
31,2.054093824379902
32,2.055836999138125
33,2.057580003712631
34,2.059322832790976
35,2.06106548106125
36,2.062807943212092
37,2.064550213932712
38,2.0662922879129
39,2.068034159843049
40,2.069775824414164
41,2.071517276317885
42,2.073258510246499
43,2.074999520892958
44,2.076740302950893
45,2.078480851114634
46,2.080221160079222
47,2.081961224540427
48,2.083701039194767
49,2.085440598739517
50,2.087179897872733
51,2.088918931293263
52,2.090657693700766
53,2.092396179795727
54,2.09413438427947
55,2.095872301854183
56,2.097609927222923
57,2.099347255089641
58,2.101084280159194
59,2.102820997137361
60,2.10455740073086
61,2.106293485647365
62,2.108029246595522
63,2.109764678284964
64,2.111499775426324
65,2.113234532731261
66,2.114968944912464
67,2.116703006683678
68,2.118436712759713
69,2.120170057856465
70,2.12190303669093
71,2.123635643981219
72,2.125367874446577
73,2.127099722807396
74,2.128831183785236
75,2.130562252102832
76,2.132292922484122
77,2.134023189654251
78,2.135753048339597
79,2.137482493267782
80,2.139211519167688
81,2.140940120769477
82,2.142668292804599
83,2.14439603000582
84,2.146123327107224
85,2.147850178844243
86,2.149576579953663
87,2.151302525173643
88,2.153028009243732
89,2.154753026904888
90,2.156477572899484
91,2.158201641971336
92,2.159925228865712
93,2.161648328329348
94,2.163370935110468
95,2.165093043958796
96,2.166814649625575
97,2.16853574686358
98,2.170256330427137
99,2.171976395072137
100,2.173695935556053
101,2.175414946637954
102,2.177133423078525
103,2.178851359640078
104,2.180568751086574
105,2.182285592183632
106,2.184001877698549
107,2.185717602400317
108,2.187432761059636
109,2.18914734844893
110,2.190861359342368
111,2.192574788515873
112,2.19428763074714
113,2.195999880815657
114,2.197711533502713
115,2.19942258359142
116,2.201133025866725
117,2.202842855115429
118,2.204552066126201
119,2.206260653689593
120,2.20796861259806
121,2.20967593764597
122,2.211382623629624
123,2.213088665347273
124,2.214794057599127
125,2.21649879518738
126,2.21820287291622
127,2.219906285591844
128,2.221609028022479
129,2.223311095018392
130,2.225012481391912
131,2.226713181957439
132,2.228413191531465
133,2.230112504932588
134,2.231811116981529
135,2.233509022501144
136,2.235206216316444
137,2.236902693254608
138,2.238598448145003
139,2.240293475819192
140,2.241987771110959
141,2.243681328856318
142,2.24537414389353
143,2.247066211063122
144,2.248757525207899
145,2.250448081172961
146,2.252137873805719
147,2.253826897955912
148,2.255515148475618
149,2.257202620219277
150,2.258889308043699
151,2.260575206808085
152,2.262260311374041
153,2.263944616605594
154,2.265628117369205
155,2.26731080853379
156,2.26899268497073
157,2.270673741553891
158,2.272353973159636
159,2.274033374666845
160,2.275711940956926
161,2.277389666913832
162,2.279066547424079
163,2.28074257737676
164,2.282417751663559
165,2.284092065178768
166,2.285765512819303
167,2.28743808948472
168,2.289109790077227
169,2.290780609501707
170,2.292450542665722
171,2.294119584479541
172,2.295787729856146
173,2.297454973711254
174,2.299121310963328
175,2.300786736533593
176,2.302451245346057
177,2.304114832327518
178,2.305777492407585
179,2.307439220518692
180,2.309100011596114
181,2.310759860577982
182,2.312418762405297
183,2.314076712021949
184,2.315733704374728
185,2.317389734413343
186,2.319044797090434
187,2.320698887361594
188,2.322352000185375
189,2.32400413052331
190,2.325655273339927
191,2.327305423602763
192,2.328954576282379
193,2.330602726352379
194,2.332249868789423
195,2.333895998573238
196,2.335541110686643
197,2.337185200115554
198,2.338828261849007
199,2.340470290879169
200,2.342111282201355
201,2.343751230814042
202,2.345390131718887
203,2.347027979920737
204,2.348664770427651
205,2.350300498250909
206,2.351935158405032
207,2.353568745907794
208,2.355201255780238
209,2.356832683046692
210,2.358463022734784
211,2.360092269875456
212,2.361720419502981
213,2.363347466654975
214,2.364973406372417
215,2.366598233699658
216,2.368221943684444
217,2.369844531377922
218,2.371465991834662
219,2.373086320112668
220,2.374705511273397
221,2.376323560381771
222,2.377940462506191
223,2.379556212718556
224,2.381170806094275
225,2.382784237712283
226,2.384396502655056
227,2.386007596008626
228,2.387617512862596
229,2.389226248310153
230,2.390833797448087
231,2.392440155376803
232,2.394045317200337
233,2.39564927802637
234,2.397252032966242
235,2.398853577134972
236,2.400453905651267
237,2.402053013637538
238,2.403650896219919
239,2.405247548528276
240,2.406842965696227
241,2.408437142861153
242,2.410030075164216
243,2.411621757750369
244,2.413212185768378
245,2.41480135437083
246,2.416389258714151
247,2.417975893958621
248,2.419561255268388
249,2.421145337811482
250,2.422728136759831
251,2.424309647289276
252,2.425889864579582
253,2.427468783814461
254,2.429046400181575
255,2.430622708872561
256,2.432197705083041
257,2.433771384012637
258,2.435343740864985
259,2.436914770847753
260,2.438484469172649
261,2.440052831055444
262,2.441619851715979
263,2.443185526378186
264,2.444749850270096
265,2.446312818623861
266,2.447874426675759
267,2.44943466966622
268,2.450993542839831
269,2.452551041445354
270,2.454107160735742
271,2.45566189596815
272,2.457215242403954
273,2.458767195308762
274,2.460317749952427
275,2.461866901609067
276,2.463414645557073
277,2.46496097707913
278,2.466505891462226
279,2.468049383997666
280,2.469591449981094
281,2.471132084712496
282,2.472671283496225
283,2.474209041641008
284,2.475745354459963
285,2.477280217270615
286,2.478813625394906
287,2.480345574159214
288,2.481876058894362
289,2.483405074935639
290,2.484932617622806
291,2.486458682300119
292,2.487983264316336
293,2.489506359024734
294,2.491027961783124
295,2.492548067953865
296,2.494066672903874
297,2.495583772004649
298,2.497099360632272
299,2.498613434167433
300,2.500125987995438
301,2.501637017506223
302,2.503146518094374
303,2.504654485159134
304,2.506160914104421
305,2.50766580033884
306,2.509169139275699
307,2.510670926333023
308,2.512171156933564
309,2.51366982650482
310,2.515166930479046
311,2.51666246429327
312,2.518156423389304
313,2.519648803213761
314,2.521139599218065
315,2.522628806858469
316,2.524116421596069
317,2.525602438896812
318,2.527086854231517
319,2.528569663075884
320,2.530050860910509
321,2.531530443220899
322,2.533008405497485
323,2.534484743235635
324,2.535959451935669
325,2.537432527102873
326,2.538903964247509
327,2.540373758884833
328,2.541841906535108
329,2.543308402723616
330,2.544773242980673
331,2.54623642284164
332,2.547697937846942
333,2.549157783542074
334,2.550615955477624
335,2.552072449209278
336,2.553527260297836
337,2.554980384309229
338,2.556431816814531
339,2.557881553389966
340,2.559329589616933
341,2.560775921082011
342,2.562220543376974
343,2.563663452098806
344,2.565104642849714
345,2.566544111237142
346,2.567981852873781
347,2.569417863377589
348,2.570852138371795
349,2.572284673484922
350,2.573715464350794
351,2.575144506608551
352,2.576571795902664
353,2.577997327882945
354,2.579421098204564
355,2.580843102528057
356,2.582263336519348
357,2.58368179584975
358,2.585098476195991
359,2.586513373240217
360,2.587926482670012
361,2.589337800178406
362,2.590747321463892
363,2.592155042230438
364,2.593560958187498
365,2.59496506505003
366,2.596367358538501
367,2.59776783437891
368,2.599166488302793
369,2.600563316047239
370,2.601958313354904
371,2.603351475974022
372,2.604742799658421
373,2.606132280167531
374,2.607519913266401
375,2.60890569472571
376,2.610289620321783
377,2.611671685836598
378,2.613051887057805
379,2.614430219778734
380,2.615806679798411
381,2.617181262921571
382,2.618553964958667
383,2.619924781725887
384,2.621293709045164
385,2.622660742744191
386,2.624025878656432
387,2.625389112621134
388,2.626750440483343
389,2.628109858093913
390,2.629467361309521
391,2.630822945992678
392,2.632176608011743
393,2.633528343240935
394,2.634878147560347
395,2.636226016855953
396,2.637571947019629
397,2.63891593394916
398,2.640257973548252
399,2.641598061726549
400,2.64293619439964
401,2.644272367489076
402,2.64560657692238
403,2.646938818633059
404,2.648269088560619
405,2.649597382650574
406,2.650923696854462
407,2.652248027129854
408,2.653570369440369
409,2.654890719755683
410,2.656209074051544
411,2.657525428309786
412,2.658839778518337
413,2.660152120671232
414,2.661462450768627
415,2.662770764816812
416,2.66407705882822
417,2.665381328821442
418,2.666683570821236
419,2.667983780858544
420,2.669281954970497
421,2.670578089200436
422,2.671872179597916
423,2.673164222218722
424,2.674454213124882
425,2.675742148384674
426,2.677028024072644
427,2.678311836269616
428,2.6795935810627
429,2.680873254545311
430,2.682150852817173
431,2.683426371984339
432,2.684699808159195
433,2.68597115746048
434,2.687240416013289
435,2.688507579949092
436,2.689772645405743
437,2.691035608527491
438,2.692296465464994
439,2.693555212375327
440,2.694811845421999
441,2.696066360774959
442,2.697318754610612
443,2.69856902311183
444,2.69981716246796
445,2.701063168874842
446,2.702307038534812
447,2.703548767656724
448,2.704788352455952
449,2.706025789154408
450,2.707261073980549
451,2.708494203169393
452,2.709725172962526
453,2.710953979608117
454,2.712180619360928
455,2.713405088482324
456,2.714627383240286
457,2.715847499909425
458,2.717065434770986
459,2.718281184112868
460,2.719494744229628
461,2.720706111422498
462,2.721915281999392
463,2.723122252274919
464,2.724327018570396
465,2.725529577213856
466,2.726729924540059
467,2.72792805689051
468,2.729123970613458
469,2.73031766206392
470,2.731509127603684
471,2.732698363601321
472,2.733885366432199
473,2.735070132478492
474,2.736252658129191
475,2.737432939780116
476,2.738610973833926
477,2.739786756700131
478,2.740960284795101
479,2.74213155454208
480,2.743300562371193
481,2.744467304719462
482,2.745631778030811
483,2.746793978756081
484,2.747953903353039
485,2.749111548286391
486,2.750266910027789
487,2.751419985055844
488,2.752570769856138
489,2.753719260921234
490,2.754865454750682
491,2.756009347851038
492,2.757150936735869
493,2.758290217925763
494,2.759427187948344
495,2.760561843338279
496,2.76169418063729
497,2.762824196394164
498,2.763951887164764
499,2.765077249512039
500,2.766200280006036
501,2.767320975223906
502,2.768439331749921
503,2.769555346175479
504,2.770669015099117
505,2.771780335126523
506,2.772889302870539
507,2.77399591495118
508,2.775100167995642
509,2.776202058638308
510,2.777301583520762
511,2.778398739291799
512,2.779493522607436
513,2.780585930130919
514,2.781675958532735
515,2.782763604490624
516,2.783848864689586
517,2.784931735821893
518,2.786012214587099
519,2.787090297692048
520,2.788165981850886
521,2.789239263785073
522,2.790310140223389
523,2.791378607901944
524,2.792444663564193
525,2.793508303960939
526,2.79456952585035
527,2.795628325997962
528,2.796684701176694
529,2.797738648166856
530,2.798790163756157
531,2.79983924473972
532,2.800885887920084
533,2.801930090107221
534,2.802971848118544
535,2.804011158778911
536,2.805048018920644
537,2.806082425383531
538,2.807114375014839
539,2.808143864669324
540,2.809170891209238
541,2.810195451504343
542,2.811217542431914
543,2.812237160876755
544,2.813254303731206
545,2.81426896789515
546,2.815281150276028
547,2.816290847788842
548,2.817298057356169
549,2.818302775908169
550,2.819305000382594
551,2.820304727724797
552,2.821301954887744
553,2.822296678832018
554,2.823288896525835
555,2.824278604945047
556,2.825265801073154
557,2.826250481901316
558,2.827232644428356
559,2.828212285660775
560,2.829189402612756
561,2.830163992306178
562,2.831136051770621
563,2.832105578043378
564,2.833072568169463
565,2.834037019201618
566,2.834998928200326
567,2.835958292233816
568,2.836915108378076
569,2.837869373716857
570,2.838821085341685
571,2.839770240351872
572,2.840716835854519
573,2.841660868964529
574,2.842602336804616
575,2.843541236505312
576,2.844477565204976
577,2.845411320049802
578,2.846342498193831
579,2.847271096798956
580,2.848197113034933
581,2.849120544079387
582,2.850041387117825
583,2.850959639343639
584,2.851875297958121
585,2.852788360170463
586,2.853698823197775
587,2.854606684265087
588,2.855511940605359
589,2.856414589459492
590,2.857314628076332
591,2.858212053712682
592,2.859106863633308
593,2.859999055110948
594,2.860888625426323
595,2.861775571868141
596,2.862659891733108
597,2.863541582325935
598,2.864420640959346
599,2.865297064954089
600,2.86617085163894
601,2.867041998350713
602,2.867910502434271
603,2.868776361242528
604,2.869639572136463
605,2.870500132485124
606,2.871358039665639
607,2.87221329106322
608,2.873065884071175
609,2.873915816090915
610,2.874763084531961
611,2.875607686811952
612,2.876449620356652
613,2.877288882599961
614,2.878125470983919
615,2.878959382958717
616,2.879790615982702
617,2.880619167522388
618,2.881445035052459
619,2.882268216055782
620,2.883088708023411
621,2.883906508454596
622,2.884721614856791
623,2.88553402474566
624,2.886343735645086
625,2.887150745087179
626,2.887955050612281
627,2.888756649768977
628,2.8895555401141
629,2.890351719212739
630,2.891145184638245
631,2.891935933972242
632,2.892723964804633
633,2.893509274733604
634,2.894291861365635
635,2.895071722315507
636,2.895848855206308
637,2.896623257669441
638,2.89739492734463
639,2.898163861879929
640,2.898930058931728
641,2.899693516164763
642,2.900454231252115
643,2.901212201875227
644,2.901967425723907
645,2.902719900496333
646,2.903469623899062
647,2.904216593647038
648,2.904960807463596
649,2.905702263080471
650,2.906440958237808
651,2.90717689068416
652,2.907910058176505
653,2.908640458480245
654,2.909368089369219
655,2.910092948625704
656,2.910815034040426
657,2.911534343412566
658,2.912250874549764
659,2.912964625268129
660,2.913675593392245
661,2.914383776755175
662,2.915089173198471
663,2.915791780572179
664,2.916491596734845
665,2.917188619553524
666,2.917882846903783
667,2.918574276669709
668,2.919262906743917
669,2.919948735027555
670,2.920631759430309
671,2.921311977870413
672,2.921989388274651
673,2.922663988578367
674,2.923335776725469
675,2.924004750668437
676,2.924670908368328
677,2.925334247794781
678,2.925994766926027
679,2.926652463748892
680,2.927307336258804
681,2.927959382459798
682,2.928608600364526
683,2.929254987994256
684,2.929898543378887
685,2.930539264556948
686,2.931177149575605
687,2.931812196490672
688,2.932444403366608
689,2.933073768276532
690,2.933700289302225
691,2.934323964534133
692,2.934944792071378
693,2.935562770021761
694,2.936177896501766
695,2.936790169636571
696,2.93739958756005
697,2.938006148414777
698,2.938609850352035
699,2.939210691531824
700,2.939808670122858
701,2.940403784302578
702,2.940996032257157
703,2.941585412181501
704,2.942171922279259
705,2.942755560762827
706,2.943336325853352
707,2.943914215780741
708,2.944489228783661
709,2.94506136310955
710,2.94563061701462
711,2.946196988763859
712,2.946760476631043
713,2.947321078898736
714,2.947878793858297
715,2.948433619809885
716,2.948985555062465
717,2.949534597933812
718,2.950080746750517
719,2.95062399984799
720,2.95116435557047
721,2.951701812271024
722,2.952236368311555
723,2.952768022062809
724,2.953296771904375
725,2.953822616224695
726,2.954345553421066
727,2.954865581899645
728,2.955382700075454
729,2.955896906372386
730,2.95640819922321
731,2.956916577069572
732,2.957422038362005
733,2.957924581559932
734,2.958424205131665
735,2.958920907554422
736,2.959414687314317
737,2.959905542906378
738,2.96039347283454
739,2.96087847561166
740,2.961360549759513
741,2.961839693808802
742,2.96231590629916
743,2.962789185779155
744,2.963259530806293
745,2.963726939947027
746,2.964191411776755
747,2.96465294487983
748,2.96511153784956
749,2.965567189288215
750,2.966019897807031
751,2.966469662026212
752,2.966916480574936
753,2.967360352091362
754,2.967801275222627
755,2.968239248624856
756,2.968674270963167
757,2.969106340911667
758,2.969535457153466
759,2.969961618380675
760,2.970384823294412
761,2.970805070604804
762,2.971222359030993
763,2.971636687301141
764,2.97204805415243
765,2.972456458331068
766,2.972861898592295
767,2.973264373700383
768,2.97366388242864
769,2.974060423559419
770,2.974453995884114
771,2.97484459820317
772,2.975232229326083
773,2.975616888071405
774,2.975998573266748
775,2.976377283748786
776,2.976753018363259
777,2.97712577596498
778,2.977495555417833
779,2.97786235559478
780,2.978226175377862
781,2.978587013658205
782,2.978944869336023
783,2.979299741320618
784,2.97965162853039
785,2.980000529892832
786,2.980346444344541
787,2.980689370831213
788,2.981029308307657
789,2.981366255737786
790,2.981700212094632
791,2.982031176360339
792,2.982359147526173
793,2.982684124592521
794,2.983006106568896
795,2.983325092473941
796,2.983641081335429
797,2.983954072190269
798,2.984264064084504
799,2.984571056073324
800,2.984875047221055
801,2.985176036601174
802,2.985474023296306
803,2.985769006398227
804,2.986060985007867
805,2.986349958235316
806,2.986635925199821
807,2.986918885029793
808,2.987198836862808
809,2.98747577984561
810,2.987749713134115
811,2.98802063589341
812,2.988288547297759
813,2.988553446530603
814,2.988815332784566
815,2.989074205261452
816,2.989330063172253
817,2.989582905737149
818,2.989832732185509
819,2.990079541755895
820,2.990323333696065
821,2.990564107262973
822,2.990801861722774
823,2.991036596350823
824,2.991268310431682
825,2.991497003259117
826,2.991722674136101
827,2.991945322374822
828,2.992164947296676
829,2.992381548232276
830,2.992595124521451
831,2.99280567551325
832,2.993013200565941
833,2.993217699047015
834,2.993419170333189
835,2.993617613810405
836,2.993813028873833
837,2.994005414927875
838,2.994194771386163
839,2.994381097671565
840,2.994564393216182
841,2.994744657461355
842,2.994921889857662
843,2.995096089864922
844,2.995267256952197
845,2.995435390597793
846,2.995600490289261
847,2.995762555523398
848,2.995921585806253
849,2.996077580653121
850,2.99623053958855
851,2.996380462146345
852,2.996527347869558
853,2.996671196310504
854,2.99681200703075
855,2.996949779601125
856,2.997084513601717
857,2.997216208621873
858,2.997344864260206
859,2.997470480124589
860,2.997593055832164
861,2.997712591009334
862,2.997829085291773
863,2.997942538324423
864,2.998052949761493
865,2.998160319266463
866,2.998264646512087
867,2.998365931180388
868,2.998464172962665
869,2.998559371559489
870,2.998651526680708
871,2.998740638045446
872,2.998826705382102
873,2.998909728428356
874,2.998989706931163
875,2.999066640646761
876,2.999140529340666
877,2.999211372787674
878,2.999279170771864
879,2.999343923086597
880,2.999405629534518
881,2.999464289927551
882,2.99951990408691
883,2.999572471843088
884,2.999621993035867
885,2.999668467514313
886,2.999711895136778
887,2.999752275770899
888,2.999789609293602
889,2.9998238955911
890,2.999855134558893
891,2.999883326101768
892,2.999908470133802
893,2.999930566578358
894,2.99994961536809
895,2.999965616444939
896,2.999978569760136
897,2.999988475274202
898,2.999995332956946
899,2.999999142787466
900,2.999999904754151
901,2.999997618854678
902,2.999992285096014
903,2.999983903494416
904,2.999972474075429
905,2.99995799687389
906,2.999940471933923
907,2.999919899308941
908,2.999896279061648
909,2.999869611264034
910,2.999839895997378
911,2.999807133352251
912,2.999771323428507
913,2.999732466335291
914,2.999690562191033
915,2.999645611123452
916,2.999597613269554
917,2.999546568775628
918,2.999492477797252
919,2.999435340499288
920,2.999375157055882
921,2.999311927650465
922,2.999245652475754
923,2.999176331733745
924,2.999103965635718
925,2.999028554402236
926,2.998950098263143
927,2.998868597457562
928,2.998784052233897
929,2.998696462849829
930,2.998605829572321
931,2.99851215267761
932,2.998415432451211
933,2.998315669187914
934,2.998212863191784
935,2.99810701477616
936,2.997998124263655
937,2.997886191986151
938,2.997771218284804
939,2.997653203510037
940,2.997532148021544
941,2.997408052188287
942,2.997280916388492
943,2.997150741009653
944,2.997017526448527
945,2.996881273111133
946,2.996741981412755
947,2.996599651777934
948,2.996454284640471
949,2.996305880443428
950,2.99615443963912
951,2.995999962689118
952,2.995842450064247
953,2.995681902244585
954,2.99551831971946
955,2.99535170298745
956,2.99518205255638
957,2.995009368943323
958,2.994833652674595
959,2.994654904285754
960,2.994473124321604
961,2.994288313336185
962,2.994100471892775
963,2.993909600563891
964,2.993715699931284
965,2.993518770585935
966,2.99331881312806
967,2.993115828167102
968,2.992909816321732
969,2.992700778219847
970,2.992488714498567
971,2.992273625804234
972,2.99205551279241
973,2.991834376127874
974,2.99161021648462
975,2.991383034545858
976,2.991152831004007
977,2.990919606560698
978,2.990683361926767
979,2.990444097822258
980,2.990201814976413
981,2.989956514127679
982,2.989708196023702
983,2.98945686142132
984,2.989202511086567
985,2.988945145794672
986,2.988684766330047
987,2.988421373486295
988,2.988154968066203
989,2.987885550881737
990,2.987613122754047
991,2.987337684513456
992,2.987059236999463
993,2.98677778106074
994,2.986493317555126
995,2.986205847349628
996,2.985915371320417
997,2.985621890352824
998,2.985325405341342
999,2.985025917189617
1000,2.984723426810447
1001,2.984417935125785
1002,2.984109443066727
1003,2.983797951573516
1004,2.983483461595537
1005,2.983165974091313
1006,2.982845490028504
1007,2.982522010383902
1008,2.98219553614343
1009,2.981866068302138
1010,2.9815336078642
1011,2.98119815584291
1012,2.980859713260682
1013,2.980518281149044
1014,2.980173860548636
1015,2.979826452509204
1016,2.979476058089602
1017,2.979122678357787
1018,2.978766314390811
1019,2.978406967274825
1020,2.978044638105072
1021,2.97767932798588
1022,2.977311038030668
1023,2.976939769361934
1024,2.976565523111255
1025,2.976188300419284
1026,2.975808102435744
1027,2.97542493031943
1028,2.975038785238197
1029,2.974649668368966
1030,2.974257580897711
1031,2.973862524019464
1032,2.973464498938305
1033,2.973063506867361
1034,2.972659549028803
1035,2.97225262665384
1036,2.971842740982716
1037,2.97142989326471
1038,2.971014084758125
1039,2.970595316730291
1040,2.970173590457556
1041,2.969748907225286
1042,2.969321268327858
1043,2.96889067506866
1044,2.96845712876008
1045,2.968020630723512
1046,2.967581182289342
1047,2.967138784796951
1048,2.966693439594707
1049,2.966245148039962
1050,2.965793911499051
1051,2.96533973134728
1052,2.964882608968932
1053,2.964422545757253
1054,2.963959543114455
1055,2.963493602451708
1056,2.963024725189138
1057,2.962552912755819
1058,2.962078166589772
1059,2.961600488137961
1060,2.961119878856286
1061,2.960636340209579
1062,2.960149873671602
1063,2.95966048072504
1064,2.959168162861497
1065,2.958672921581492
1066,2.958174758394455
1067,2.957673674818721
1068,2.957169672381525
1069,2.956662752618999
1070,2.956152917076167
1071,2.95564016730694
1072,2.95512450487411
1073,2.954605931349349
1074,2.954084448313198
1075,2.953560057355068
1076,2.953032760073233
1077,2.952502558074825
1078,2.951969452975828
1079,2.951433446401076
1080,2.950894539984245
1081,2.95035273536785
1082,2.949808034203238
1083,2.949260438150588
1084,2.948709948878897
1085,2.948156568065984
1086,2.94760029739848
1087,2.947041138571822
1088,2.946479093290254
1089,2.945914163266814
1090,2.945346350223332
1091,2.944775655890427
1092,2.944202082007501
1093,2.943625630322727
1094,2.943046302593056
1095,2.9424641005842
1096,2.941879026070633
1097,2.941291080835585
1098,2.940700266671033
1099,2.940106585377701
1100,2.93951003876505
1101,2.938910628651273
1102,2.938308356863294
1103,2.937703225236756
1104,2.937095235616019
1105,2.936484389854156
1106,2.935870689812941
1107,2.93525413736285
1108,2.934634734383055
1109,2.93401248276141
1110,2.933387384394458
1111,2.932759441187414
1112,2.932128655054164
1113,2.931495027917261
1114,2.930858561707916
1115,2.930219258365994
1116,2.929577119840004
1117,2.928932148087099
1118,2.928284345073068
1119,2.927633712772327
1120,2.926980253167917
1121,2.926323968251495
1122,2.92566486002333
1123,2.925002930492296
1124,2.924338181675866
1125,2.923670615600105
1126,2.923000234299666
1127,2.922327039817781
1128,2.921651034206257
1129,2.920972219525469
1130,2.920290597844354
1131,2.919606171240402
1132,2.918918941799656
1133,2.918228911616699
1134,2.91753608279465
1135,2.91684045744516
1136,2.916142037688401
1137,2.915440825653064
1138,2.914736823476348
1139,2.91403003330396
1140,2.913320457290101
1141,2.912608097597463
1142,2.911892956397224
1143,2.91117503586904
1144,2.910454338201035
1145,2.9097308655898
1146,2.909004620240384
1147,2.908275604366284
1148,2.907543820189443
1149,2.906809269940243
1150,2.906071955857494
1151,2.905331880188432
1152,2.904589045188708
1153,2.903843453122382
1154,2.903095106261922
1155,2.902344006888189
1156,2.901590157290432
1157,2.900833559766284
1158,2.900074216621755
1159,2.899312130171219
1160,2.898547302737416
1161,2.897779736651437
1162,2.89700943425272
1163,2.896236397889045
1164,2.895460629916524
1165,2.894682132699593
1166,2.893900908611008
1167,2.893116960031835
1168,2.892330289351446
1169,2.891540898967508
1170,2.890748791285976
1171,2.889953968721089
1172,2.889156433695361
1173,2.888356188639571
1174,2.88755323599276
1175,2.886747578202221
1176,2.885939217723489
1177,2.885128157020341
1178,2.884314398564781
1179,2.883497944837036
1180,2.882678798325547
1181,2.881856961526965
1182,2.881032436946138
1183,2.880205227096106
1184,2.879375334498096
1185,2.878542761681508
1186,2.877707511183913
1187,2.876869585551044
1188,2.876028987336785
1189,2.875185719103169
1190,2.874339783420363
1191,2.873491182866667
1192,2.872639920028503
1193,2.871785997500404
1194,2.870929417885014
1195,2.870070183793072
1196,2.86920829784341
1197,2.86834376266294
1198,2.867476580886651
1199,2.866606755157596
1200,2.865734288126888
1201,2.864859182453691
1202,2.863981440805209
1203,2.863101065856682
1204,2.862218060291375
1205,2.861332426800571
1206,2.860444168083562
1207,2.859553286847643
1208,2.858659785808101
1209,2.857763667688207
1210,2.85686493521921
1211,2.855963591140327
1212,2.855059638198733
1213,2.854153079149557
1214,2.853243916755869
1215,2.852332153788675
1216,2.851417793026907
1217,2.850500837257415
1218,2.849581289274957
1219,2.848659151882191
1220,2.847734427889671
1221,2.846807120115831
1222,2.845877231386982
1223,2.8449447645373
1224,2.84400972240882
1225,2.843072107851425
1226,2.842131923722838
1227,2.841189172888617
1228,2.840243858222139
1229,2.839295982604598
1230,2.838345548924991
1231,2.837392560080113
1232,2.836437018974548
1233,2.835478928520656
1234,2.83451829163857
1235,2.833555111256183
1236,2.83258939030914
1237,2.831621131740828
1238,2.830650338502372
1239,2.829677013552619
1240,2.828701159858134
1241,2.827722780393187
1242,2.82674187813975
1243,2.825758456087482
1244,2.824772517233721
1245,2.823784064583477
1246,2.822793101149422
1247,2.82179962995188
1248,2.82080365401882
1249,2.819805176385842
1250,2.818804200096172
1251,2.817800728200654
1252,2.816794763757735
1253,2.81578630983346
1254,2.814775369501462
1255,2.813761945842954
1256,2.812746041946713
1257,2.811727660909081
1258,2.810706805833946
1259,2.809683479832738
1260,2.808657686024419
1261,2.80762942753547
1262,2.806598707499886
1263,2.805565529059165
1264,2.804529895362295
1265,2.803491809565752
1266,2.802451274833481
1267,2.801408294336892
1268,2.800362871254853
1269,2.799315008773671
1270,2.798264710087093
1271,2.797211978396288
1272,2.796156816909842
1273,2.795099228843747
1274,2.794039217421389
1275,2.792976785873542
1276,2.791911937438354
1277,2.790844675361343
1278,2.78977500289538
1279,2.788702923300685
1280,2.787628439844811
1281,2.786551555802642
1282,2.785472274456377
1283,2.784390599095521
1284,2.783306533016875
1285,2.782220079524529
1286,2.781131241929847
1287,2.780040023551461
1288,2.77894642771526
1289,2.777850457754376
1290,2.776752117009181
1291,2.775651408827269
1292,2.774548336563453
1293,2.77344290357975
1294,2.772335113245371
1295,2.771224968936715
1296,2.770112474037351
1297,2.768997631938016
1298,2.7678804460366
1299,2.766760919738137
1300,2.765639056454792
1301,2.764514859605856
1302,2.763388332617731
1303,2.762259478923919
1304,2.761128301965017
1305,2.7599948051887
1306,2.758858992049716
1307,2.757720866009872
1308,2.756580430538023
1309,2.755437689110064
1310,2.754292645208919
1311,2.753145302324528
1312,2.75199566395384
1313,2.750843733600799
1314,2.749689514776334
1315,2.748533010998351
1316,2.747374225791718
1317,2.746213162688258
1318,2.745049825226737
1319,2.74388421695285
1320,2.742716341419218
1321,2.741546202185368
1322,2.740373802817729
1323,2.739199146889617
1324,2.738022237981227
1325,2.73684307967962
1326,2.735661675578712
1327,2.734478029279267
1328,2.733292144388879
1329,2.732104024521968
1330,2.730913673299763
1331,2.729721094350298
1332,2.728526291308392
1333,2.727329267815646
1334,2.726130027520429
1335,2.724928574077864
1336,2.723724911149819
1337,2.722519042404902
1338,2.721310971518436
1339,2.720100702172462
1340,2.718888238055718
1341,2.717673582863633
1342,2.716456740298315
1343,2.715237714068537
1344,2.714016507889727
1345,2.712793125483959
1346,2.71156757057994
1347,2.710339846912997
1348,2.709109958225068
1349,2.707877908264688
1350,2.706643700786983
1351,2.705407339553652
1352,2.704168828332957
1353,2.702928170899718
1354,2.70168537103529
1355,2.700440432527564
1356,2.699193359170944
1357,2.697944154766344
1358,2.696692823121171
1359,2.695439368049319
1360,2.69418379337115
1361,2.692926102913489
1362,2.691666300509607
1363,2.690404389999214
1364,2.689140375228446
1365,2.68787426004985
1366,2.686606048322377
1367,2.685335743911365
1368,2.684063350688534
1369,2.682788872531968
1370,2.681512313326106
1371,2.68023367696173
1372,2.678952967335954
1373,2.677670188352208
1374,2.676385343920233
1375,2.675098437956061
1376,2.673809474382012
1377,2.672518457126674
1378,2.671225390124893
1379,2.669930277317768
1380,2.668633122652627
1381,2.667333930083026
1382,2.666032703568729
1383,2.664729447075702
1384,2.663424164576096
1385,2.662116860048238
1386,2.660807537476618
1387,2.659496200851875
1388,2.658182854170789
1389,2.656867501436265
1390,2.655550146657323
1391,2.654230793849084
1392,2.652909447032759
1393,2.651586110235636
1394,2.65026078749107
1395,2.648933482838467
1396,2.647604200323276
1397,2.646272943996969
1398,2.644939717917041
1399,2.643604526146985
1400,2.642267372756288
1401,2.640928261820415
1402,2.639587197420798
1403,2.63824418364482
1404,2.63689922458581
1405,2.635552324343022
1406,2.634203487021628
1407,2.632852716732706
1408,2.631500017593221
1409,2.630145393726021
1410,2.628788849259817
1411,2.627430388329177
1412,2.626070015074508
1413,2.624707733642047
1414,2.623343548183843
1415,2.621977462857753
1416,2.620609481827423
1417,2.619239609262276
1418,2.6178678493375
1419,2.616494206234037
1420,2.615118684138567
1421,2.613741287243499
1422,2.612362019746953
1423,2.610980885852753
1424,2.60959788977041
1425,2.608213035715113
1426,2.606826327907711
1427,2.605437770574703
1428,2.604047367948229
1429,2.602655124266049
1430,2.601261043771535
1431,2.59986513071366
1432,2.598467389346979
1433,2.597067823931623
1434,2.595666438733278
1435,2.59426323802318
1436,2.592858226078098
1437,2.591451407180321
1438,2.590042785617643
1439,2.588632365683357
1440,2.587220151676232
1441,2.585806147900509
1442,2.584390358665884
1443,2.582972788287492
1444,2.581553441085897
1445,2.580132321387083
1446,2.57870943352243
1447,2.577284781828712
1448,2.575858370648076
1449,2.574430204328033
1450,2.573000287221443
1451,2.571568623686504
1452,2.570135218086734
1453,2.568700074790961
1454,2.567263198173311
1455,2.565824592613193
1456,2.564384262495283
1457,2.562942212209515
1458,2.561498446151067
1459,2.560052968720345
1460,2.558605784322969
1461,2.557156897369766
1462,2.555706312276748
1463,2.554254033465107
1464,2.552800065361194
1465,2.551344412396508
1466,2.549887079007687
1467,2.548428069636487
1468,2.546967388729775
1469,2.54550504073951
1470,2.544041030122735
1471,2.542575361341557
1472,2.54110803886314
1473,2.539639067159686
1474,2.538168450708426
1475,2.536696193991601
1476,2.535222301496453
1477,2.533746777715211
1478,2.532269627145073
1479,2.530790854288197
1480,2.529310463651685
1481,2.527828459747571
1482,2.526344847092803
1483,2.524859630209236
1484,2.523372813623612
1485,2.52188440186755
1486,2.52039439947753
1487,2.518902810994879
1488,2.517409640965761
1489,2.515914893941158
1490,2.51441857447686
1491,2.512920687133449
1492,2.511421236476284
1493,2.509920227075492
1494,2.508417663505949
1495,2.506913550347268
1496,2.505407892183784
1497,2.503900693604543
1498,2.502391959203285
1499,2.500881693578431
1500,2.499369901333068
1501,2.497856587074938
1502,2.49634175541642
1503,2.494825410974519
1504,2.49330755837085
1505,2.491788202231625
1506,2.490267347187639
1507,2.488744997874256
1508,2.487221158931391
1509,2.485695835003503
1510,2.484169030739576
1511,2.482640750793105
1512,2.481110999822083
1513,2.479579782488986
1514,2.478047103460761
1515,2.47651296740881
1516,2.474977379008973
1517,2.473440342941518
1518,2.471901863891127
1519,2.470361946546879
1520,2.468820595602235
1521,2.467277815755027
1522,2.465733611707443
1523,2.46418798816601
1524,2.462640949841582
1525,2.461092501449326
1526,2.459542647708705
1527,2.457991393343467
1528,2.456438743081627
1529,2.454884701655457
1530,2.453329273801466
1531,2.451772464260392
1532,2.450214277777182
1533,2.448654719100981
1534,2.447093792985114
1535,2.445531504187076
1536,2.443967857468516
1537,2.442402857595218
1538,2.440836509337094
1539,2.439268817468165
1540,2.437699786766544
1541,2.43612942201443
1542,2.434557727998083
1543,2.432984709507817
1544,2.431410371337982
1545,2.429834718286951
1546,2.428257755157104
1547,2.426679486754814
1548,2.425099917890432
1549,2.423519053378274
1550,2.421936898036602
1551,2.420353456687616
1552,2.418768734157433
1553,2.417182735276074
1554,2.415595464877455
1555,2.414006927799362
1556,2.412417128883445
1557,2.410826072975198
1558,2.409233764923947
1559,2.407640209582835
1560,2.406045411808805
1561,2.404449376462587
1562,2.402852108408686
1563,2.401253612515359
1564,2.39965389365461
1565,2.398052956702168
1566,2.396450806537473
1567,2.394847448043668
1568,2.393242886107574
1569,2.391637125619681
1570,2.390030171474133
1571,2.388422028568711
1572,2.386812701804821
1573,2.385202196087476
1574,2.383590516325281
1575,2.381977667430421
1576,2.380363654318645
1577,2.37874848190925
1578,2.377132155125063
1579,2.375514678892435
1580,2.373896058141217
1581,2.372276297804747
1582,2.37065540281984
1583,2.369033378126766
1584,2.367410228669242
1585,2.365785959394409
1586,2.364160575252822
1587,2.362534081198437
1588,2.360906482188589
1589,2.359277783183984
1590,2.357647989148678
1591,2.356017105050065
1592,2.354385135858863
1593,2.352752086549095
1594,2.351117962098078
1595,2.349482767486406
1596,2.347846507697931
1597,2.346209187719758
1598,2.344570812542217
1599,2.342931387158857
1600,2.341290916566428
1601,2.339649405764866
1602,2.338006859757276
1603,2.336363283549919
1604,2.334718682152195
1605,2.333073060576631
1606,2.33142642383886
1607,2.329778776957612
1608,2.328130124954695
1609,2.326480472854978
1610,2.324829825686384
1611,2.323178188479861
1612,2.321525566269382
1613,2.319871964091916
1614,2.318217386987424
1615,2.316561839998835
1616,2.314905328172034
1617,2.31324785655585
1618,2.311589430202034
1619,2.309930054165247
1620,2.308269733503048
1621,2.306608473275871
1622,2.304946278547015
1623,2.303283154382628
1624,2.301619105851691
1625,2.299954138026002
1626,2.298288255980158
1627,2.296621464791548
1628,2.294953769540327
1629,2.293285175309409
1630,2.291615687184445
1631,2.289945310253811
1632,2.288274049608595
1633,2.286601910342576
1634,2.28492889755221
1635,2.283255016336617
1636,2.281580271797563
1637,2.279904669039447
1638,2.278228213169281
1639,2.276550909296679
1640,2.274872762533839
1641,2.27319377799553
1642,2.27151396079907
1643,2.269833316064319
1644,2.268151848913657
1645,2.266469564471973
1646,2.264786467866643
1647,2.263102564227522
1648,2.261417858686922
1649,2.259732356379603
1650,2.258046062442749
1651,2.256358982015959
1652,2.254671120241229
1653,2.252982482262937
1654,2.251293073227824
1655,2.249602898284986
1656,2.247911962585848
1657,2.246220271284157
1658,2.244527829535963
1659,2.242834642499601
1660,2.241140715335681
1661,2.239446053207064
1662,2.237750661278856
1663,2.236054544718384
1664,2.234357708695186
1665,2.23266015838099
1666,2.230961898949703
1667,2.229262935577395
1668,2.227563273442277
1669,2.225862917724693
1670,2.2241618736071
1671,2.222460146274054
1672,2.220757740912192
1673,2.219054662710218
1674,2.217350916858887
1675,2.21564650855099
1676,2.213941442981334
1677,2.212235725346733
1678,2.210529360845984
1679,2.208822354679861
1680,2.207114712051089
1681,2.205406438164336
1682,2.203697538226192
1683,2.201988017445155
1684,2.200277881031616
1685,2.198567134197845
1686,2.196855782157967
1687,2.195143830127955
1688,2.19343128332561
1689,2.191718146970548
1690,2.190004426284178
1691,2.188290126489691
1692,2.186575252812046
1693,2.184859810477948
1694,2.183143804715836
1695,2.181427240755867
1696,2.179710123829897
1697,2.17799245917147
1698,2.1762742520158
1699,2.17455550759975
1700,2.172836231161826
1701,2.171116427942152
1702,2.169396103182459
1703,2.167675262126066
1704,2.165953910017867
1705,2.164232052104314
1706,2.162509693633401
1707,2.160786839854644
1708,2.159063496019073
1709,2.157339667379208
1710,2.155615359189051
1711,2.153890576704062
1712,2.152165325181147
1713,2.150439609878644
1714,2.1487134360563
1715,2.146986808975265
1716,2.145259733898067
1717,2.143532216088598
1718,2.141804260812104
1719,2.140075873335162
1720,2.138347058925666
1721,2.13661782285281
1722,2.134888170387075
1723,2.133158106800212
1724,2.131427637365222
1725,2.129696767356347
1726,2.127965502049046
1727,2.126233846719984
1728,2.124501806647017
1729,2.12276938710917
1730,2.121036593386628
1731,2.119303430760713
1732,2.117569904513875
1733,2.11583601992967
1734,2.114101782292745
1735,2.112367196888827
1736,2.1106322690047
1737,2.108897003928192
1738,2.107161406948159
1739,2.10542548335447
1740,2.103689238437987
1741,2.101952677490553
1742,2.100215805804974
1743,2.098478628675003
1744,2.096741151395324
1745,2.095003379261535
1746,2.093265317570135
1747,2.091526971618502
1748,2.089788346704883
1749,2.088049448128375
1750,2.086310281188908
1751,2.084570851187231
1752,2.082831163424894
1753,2.081091223204233
1754,2.079351035828354
1755,2.077610606601115
1756,2.075869940827112
1757,2.074129043811662
1758,2.072387920860787
1759,2.070646577281197
1760,2.068905018380273
1761,2.067163249466056
1762,2.065421275847225
1763,2.063679102833082
1764,2.061936735733538
1765,2.060194179859095
1766,2.058451440520831
1767,2.056708523030383
1768,2.05496543269993
1769,2.053222174842179
1770,2.051478754770347
1771,2.049735177798145
1772,2.047991449239764
1773,2.046247574409855
1774,2.044503558623515
1775,2.042759407196272
1776,2.041015125444067
1777,2.039270718683238
1778,2.037526192230501
1779,2.035781551402943
1780,2.034036801517995
1781,2.032291947893422
1782,2.030546995847304
1783,2.028801950698022
1784,2.027056817764242
1785,2.025311602364894
1786,2.023566309819163
1787,2.021820945446466
1788,2.020075514566442
1789,2.01833002249893
1790,2.016584474563959
1791,2.014838876081723
1792,2.013093232372575
1793,2.011347548757004
1794,2.009601830555619
1795,2.007856083089137
1796,2.006110311678363
1797,2.004364521644175
1798,2.002618718307508
1799,2.000872906989338
1800,1.999127093010663
1801,1.997381281692492
1802,1.995635478355825
1803,1.993889688321638
1804,1.992143916910863
1805,1.990398169444382
1806,1.988652451242997
1807,1.986906767627425
1808,1.985161123918277
1809,1.983415525436042
1810,1.98166997750107
1811,1.979924485433559
1812,1.978179054553535
1813,1.976433690180838
1814,1.974688397635107
1815,1.972943182235759
1816,1.971198049301979
1817,1.969453004152696
1818,1.967708052106579
1819,1.965963198482005
1820,1.964218448597057
1821,1.962473807769499
1822,1.960729281316763
1823,1.958984874555933
1824,1.957240592803728
1825,1.955496441376486
1826,1.953752425590146
1827,1.952008550760237
1828,1.950264822201855
1829,1.948521245229654
1830,1.946777825157822
1831,1.94503456730007
1832,1.943291476969618
1833,1.941548559479169
1834,1.939805820140905
1835,1.938063264266463
1836,1.936320897166919
1837,1.934578724152776
1838,1.932836750533944
1839,1.931094981619727
1840,1.929353422718804
1841,1.927612079139214
1842,1.925870956188338
1843,1.924130059172888
1844,1.922389393398886
1845,1.920648964171647
1846,1.918908776795768
1847,1.917168836575107
1848,1.91542914881277
1849,1.913689718811093
1850,1.911950551871626
1851,1.910211653295117
1852,1.908473028381499
1853,1.906734682429866
1854,1.904996620738465
1855,1.903258848604677
1856,1.901521371324997
1857,1.899784194195026
1858,1.898047322509448
1859,1.896310761562014
1860,1.894574516645531
1861,1.892838593051841
1862,1.891102996071809
1863,1.889367730995301
1864,1.887632803111173
1865,1.885898217707255
1866,1.884163980070331
1867,1.882430095486126
1868,1.880696569239288
1869,1.878963406613373
1870,1.87723061289083
1871,1.875498193352984
1872,1.873766153280016
1873,1.872034497950955
1874,1.870303232643654
1875,1.868572362634778
1876,1.866841893199789
1877,1.865111829612925
1878,1.863382177147191
1879,1.861652941074335
1880,1.859924126664838
1881,1.858195739187896
1882,1.856467783911402
1883,1.854740266101934
1884,1.853013191024736
1885,1.8512865639437
1886,1.849560390121357
1887,1.847834674818853
1888,1.846109423295939
1889,1.844384640810949
1890,1.842660332620792
1891,1.840936503980928
1892,1.839213160145357
1893,1.8374903063666
1894,1.835767947895686
1895,1.834046089982133
1896,1.832324737873935
1897,1.830603896817542
1898,1.828883572057848
1899,1.827163768838174
1900,1.82544449240025
1901,1.823725747984201
1902,1.82200754082853
1903,1.820289876170104
1904,1.818572759244134
1905,1.816856195284164
1906,1.815140189522052
1907,1.813424747187954
1908,1.811709873510309
1909,1.809995573715823
1910,1.808281853029453
1911,1.80656871667439
1912,1.804856169872046
1913,1.803144217842034
1914,1.801432865802156
1915,1.799722118968384
1916,1.798011982554846
1917,1.796302461773809
1918,1.794593561835665
1919,1.792885287948911
1920,1.79117764532014
1921,1.789470639154016
1922,1.787764274653268
1923,1.786058557018667
1924,1.784353491449011
1925,1.782649083141113
1926,1.780945337289783
1927,1.779242259087809
1928,1.777539853725947
1929,1.7758381263929
1930,1.774137082275308
1931,1.772436726557724
1932,1.770737064422606
1933,1.769038101050297
1934,1.767339841619011
1935,1.765642291304815
1936,1.763945455281617
1937,1.762249338721145
1938,1.760553946792937
1939,1.75885928466432
1940,1.757165357500399
1941,1.755472170464038
1942,1.753779728715843
1943,1.752088037414153
1944,1.750397101715015
1945,1.748706926772176
1946,1.747017517737064
1947,1.745328879758771
1948,1.743641017984042
1949,1.741953937557252
1950,1.740267643620398
1951,1.738582141313078
1952,1.736897435772479
1953,1.735213532133358
1954,1.733530435528028
1955,1.731848151086343
1956,1.730166683935682
1957,1.728486039200931
1958,1.726806222004471
1959,1.725127237466161
1960,1.723449090703322
1961,1.72177178683072
1962,1.720095330960554
1963,1.718419728202438
1964,1.716744983663384
1965,1.715071102447791
1966,1.713398089657425
1967,1.711725950391406
1968,1.710054689746189
1969,1.708384312815556
1970,1.706714824690592
1971,1.705046230459673
1972,1.703378535208453
1973,1.701711744019842
1974,1.700045861973999
1975,1.698380894148309
1976,1.696716845617372
1977,1.695053721452985
1978,1.69339152672413
1979,1.691730266496953
1980,1.690069945834753
1981,1.688410569797967
1982,1.68675214344415
1983,1.685094671827966
1984,1.683438160001166
1985,1.681782613012577
1986,1.680128035908084
1987,1.678474433730619
1988,1.676821811520139
1989,1.675170174313617
1990,1.673519527145022
1991,1.671869875045306
1992,1.670221223042389
1993,1.668573576161141
1994,1.66692693942337
1995,1.665281317847805
1996,1.663636716450082
1997,1.661993140242725
1998,1.660350594235135
1999,1.658709083433572
2000,1.657068612841143
2001,1.655429187457784
2002,1.653790812280243
2003,1.652153492302069
2004,1.650517232513595
2005,1.648882037901922
2006,1.647247913450906
2007,1.645614864141138
2008,1.643982894949936
2009,1.642352010851323
2010,1.640722216816016
2011,1.639093517811411
2012,1.637465918801563
2013,1.635839424747178
2014,1.634214040605592
2015,1.632589771330759
2016,1.630966621873234
2017,1.629344597180161
2018,1.627723702195254
2019,1.626103941858784
2020,1.624485321107565
2021,1.622867844874937
2022,1.621251518090751
2023,1.619636345681355
2024,1.618022332569579
2025,1.61640948367472
2026,1.614797803912525
2027,1.61318729819518
2028,1.611577971431289
2029,1.609969828525868
2030,1.60836287438032
2031,1.606757113892427
2032,1.605152551956333
2033,1.603549193462527
2034,1.601947043297833
2035,1.60034610634539
2036,1.598746387484641
2037,1.597147891591315
2038,1.595550623537413
2039,1.593954588191196
2040,1.592359790417166
2041,1.590766235076053
2042,1.589173927024802
2043,1.587582871116555
2044,1.585993072200638
2045,1.584404535122546
2046,1.582817264723926
2047,1.581231265842568
2048,1.579646543312385
2049,1.578063101963399
2050,1.576480946621727
2051,1.574900082109568
2052,1.573320513245186
2053,1.571742244842896
2054,1.57016528171305
2055,1.568589628662018
2056,1.567015290492184
2057,1.565442272001918
2058,1.563870577985571
2059,1.562300213233456
2060,1.560731182531836
2061,1.559163490662906
2062,1.557597142404783
2063,1.556032142531485
2064,1.554468495812924
2065,1.552906207014886
2066,1.55134528089902
2067,1.549785722222818
2068,1.548227535739608
2069,1.546670726198534
2070,1.545115298344544
2071,1.543561256918374
2072,1.542008606656533
2073,1.540457352291295
2074,1.538907498550675
2075,1.537359050158418
2076,1.535812011833991
2077,1.534266388292557
2078,1.532722184244973
2079,1.531179404397766
2080,1.529638053453122
2081,1.528098136108873
2082,1.526559657058482
2083,1.525022620991028
2084,1.523487032591191
2085,1.521952896539239
2086,1.520420217511014
2087,1.518889000177918
2088,1.517359249206896
2089,1.515830969260425
2090,1.514304164996497
2091,1.51277884106861
2092,1.511255002125745
2093,1.509732652812361
2094,1.508211797768375
2095,1.506692441629151
2096,1.505174589025482
2097,1.503658244583581
2098,1.502143412925063
2099,1.500630098666933
2100,1.49911830642157
2101,1.497608040796716
2102,1.496099306395458
2103,1.494592107816216
2104,1.493086449652733
2105,1.491582336494051
2106,1.490079772924508
2107,1.488578763523716
2108,1.487079312866552
2109,1.485581425523141
2110,1.484085106058842
2111,1.48259035903424
2112,1.481097189005121
2113,1.479605600522471
2114,1.478115598132451
2115,1.476627186376388
2116,1.475140369790764
2117,1.473655152907197
2118,1.47217154025243
2119,1.470689536348315
2120,1.469209145711803
2121,1.467730372854928
2122,1.46625322228479
2123,1.464777698503547
2124,1.4633038060084
2125,1.461831549291575
2126,1.460360932840314
2127,1.458891961136861
2128,1.457424638658444
2129,1.455958969877266
2130,1.45449495926049
2131,1.453032611270226
2132,1.451571930363513
2133,1.450112920992313
2134,1.448655587603492
2135,1.447199934638807
2136,1.445745966534894
2137,1.444293687723252
2138,1.442843102630235
2139,1.441394215677032
2140,1.439947031279656
2141,1.438501553848933
2142,1.437057787790485
2143,1.435615737504718
2144,1.434175407386808
2145,1.432736801826689
2146,1.431299925209039
2147,1.429864781913267
2148,1.428431376313497
2149,1.426999712778557
2150,1.425569795671968
2151,1.424141629351925
2152,1.422715218171289
2153,1.421290566477571
2154,1.419867678612918
2155,1.418446558914103
2156,1.417027211712509
2157,1.415609641334116
2158,1.414193852099491
2159,1.412779848323768
2160,1.411367634316644
2161,1.409957214382357
2162,1.40854859281968
2163,1.407141773921902
2164,1.40573676197682
2165,1.404333561266722
2166,1.402932176068378
2167,1.401532610653021
2168,1.40013486928634
2169,1.398738956228465
2170,1.397344875733952
2171,1.395952632051772
2172,1.394562229425297
2173,1.39317367209229
2174,1.391786964284888
2175,1.39040211022959
2176,1.389019114147247
2177,1.387637980253047
2178,1.386258712756502
2179,1.384881315861433
2180,1.383505793765964
2181,1.3821321506625
2182,1.380760390737725
2183,1.379390518172578
2184,1.378022537142247
2185,1.376656451816157
2186,1.375292266357954
2187,1.373929984925492
2188,1.372569611670823
2189,1.371211150740183
2190,1.36985460627398
2191,1.368499982406779
2192,1.367147283267295
2193,1.365796512978372
2194,1.364447675656979
2195,1.363100775414191
2196,1.36175581635518
2197,1.360412802579203
2198,1.359071738179585
2199,1.357732627243712
2200,1.356395473853015
2201,1.35506028208296
2202,1.353727056003031
2203,1.352395799676725
2204,1.351066517161533
2205,1.34973921250893
2206,1.348413889764364
2207,1.347090552967242
2208,1.345769206150917
2209,1.344449853342677
2210,1.343132498563735
2211,1.341817145829211
2212,1.340503799148125
2213,1.339192462523382
2214,1.337883139951762
2215,1.336575835423904
2216,1.335270552924298
2217,1.333967296431271
2218,1.332666069916975
2219,1.331366877347374
2220,1.330069722682233
2221,1.328774609875107
2222,1.327481542873327
2223,1.326190525617988
2224,1.324901562043939
2225,1.323614656079767
2226,1.322329811647792
2227,1.321047032664047
2228,1.31976632303827
2229,1.318487686673894
2230,1.317211127468033
2231,1.315936649311467
2232,1.314664256088636
2233,1.313393951677624
2234,1.31212573995015
2235,1.310859624771554
2236,1.309595610000786
2237,1.308333699490393
2238,1.307073897086512
2239,1.30581620662885
2240,1.304560631950682
2241,1.303307176878829
2242,1.302055845233657
2243,1.300806640829057
2244,1.299559567472437
2245,1.29831462896471
2246,1.297071829100283
2247,1.295831171667043
2248,1.294592660446349
2249,1.293356299213018
2250,1.292122091735312
2251,1.290890041774933
2252,1.289660153087004
2253,1.288432429420061
2254,1.287206874516041
2255,1.285983492110274
2256,1.284762285931464
2257,1.283543259701685
2258,1.282326417136367
2259,1.281111761944282
2260,1.279899297827539
2261,1.278689028481564
2262,1.277480957595099
2263,1.276275088850181
2264,1.275071425922137
2265,1.273869972479571
2266,1.272670732184354
2267,1.271473708691608
2268,1.270278905649703
2269,1.269086326700237
2270,1.267895975478033
2271,1.266707855611121
2272,1.265521970720734
2273,1.264338324421288
2274,1.263156920320381
2275,1.261977762018774
2276,1.260800853110383
2277,1.259626197182272
2278,1.258453797814632
2279,1.257283658580783
2280,1.25611578304715
2281,1.254950174773264
2282,1.253786837311742
2283,1.252625774208283
2284,1.25146698900165
2285,1.250310485223666
2286,1.249156266399202
2287,1.24800433604616
2288,1.246854697675472
2289,1.245707354791082
2290,1.244562310889937
2291,1.243419569461978
2292,1.242279133990128
2293,1.241141007950284
2294,1.2400051948113
2295,1.238871698034984
2296,1.237740521076081
2297,1.23661166738227
2298,1.235485140394144
2299,1.234360943545208
2300,1.233239080261864
2301,1.2321195539634
2302,1.231002368061984
2303,1.22988752596265
2304,1.228775031063286
2305,1.227664886754629
2306,1.226557096420251
2307,1.225451663436547
2308,1.224348591172731
2309,1.22324788299082
2310,1.222149542245624
2311,1.221053572284741
2312,1.219959976448539
2313,1.218868758070154
2314,1.217779920475472
2315,1.216693466983126
2316,1.21560940090448
2317,1.214527725543623
2318,1.213448444197358
2319,1.212371560155189
2320,1.211297076699316
2321,1.21022499710462
2322,1.209155324638657
2323,1.208088062561646
2324,1.207023214126459
2325,1.205960782578612
2326,1.204900771156253
2327,1.203843183090158
2328,1.202788021603712
2329,1.201735289912908
2330,1.200684991226329
2331,1.199637128745148
2332,1.198591705663108
2333,1.19754872516652
2334,1.196508190434248
2335,1.195470104637705
2336,1.194434470940835
2337,1.193401292500114
2338,1.192370572464531
2339,1.191342313975582
2340,1.190316520167262
2341,1.189293194166055
2342,1.188272339090919
2343,1.187253958053287
2344,1.186238054157046
2345,1.185224630498538
2346,1.184213690166541
2347,1.183205236242266
2348,1.182199271799347
2349,1.181195799903828
2350,1.180194823614159
2351,1.179196345981181
2352,1.17820037004812
2353,1.177206898850578
2354,1.176215935416523
2355,1.17522748276628
2356,1.174241543912519
2357,1.17325812186025
2358,1.172277219606813
2359,1.171298840141867
2360,1.170322986447381
2361,1.169349661497628
2362,1.168378868259172
2363,1.167410609690861
2364,1.166444888743817
2365,1.16548170836143
2366,1.164521071479344
2367,1.163562981025453
2368,1.162607439919888
2369,1.161654451075009
2370,1.160704017395402
2371,1.159756141777861
2372,1.158810827111383
2373,1.157868076277162
2374,1.156927892148576
2375,1.155990277591181
2376,1.1550552354627
2377,1.154122768613018
2378,1.153192879884169
2379,1.152265572110329
2380,1.151340848117809
2381,1.150418710725044
2382,1.149499162742585
2383,1.148582206973093
2384,1.147667846211325
2385,1.146756083244131
2386,1.145846920850443
2387,1.144940361801267
2388,1.144036408859673
2389,1.14313506478079
2390,1.142236332311793
2391,1.141340214191899
2392,1.140446713152357
2393,1.139555831916438
2394,1.13866757319943
2395,1.137781939708626
2396,1.136898934143318
2397,1.136018559194791
2398,1.135140817546309
2399,1.134265711873112
2400,1.133393244842404
2401,1.13252341911335
2402,1.13165623733706
2403,1.130791702156591
2404,1.129929816206928
2405,1.129070582114986
2406,1.128214002499596
2407,1.127360079971498
2408,1.126508817133333
2409,1.125660216579637
2410,1.124814280896832
2411,1.123971012663215
2412,1.123130414448956
2413,1.122292488816087
2414,1.121457238318492
2415,1.120624665501905
2416,1.119794772903894
2417,1.118967563053862
2418,1.118143038473035
2419,1.117321201674453
2420,1.116502055162965
2421,1.115685601435219
2422,1.114871842979659
2423,1.114060782276511
2424,1.11325242179778
2425,1.11244676400724
2426,1.111643811360429
2427,1.110843566304639
2428,1.110046031278911
2429,1.109251208714025
2430,1.108459101032493
2431,1.107669710648554
2432,1.106883039968165
2433,1.106099091388993
2434,1.105317867300407
2435,1.104539370083476
2436,1.103763602110955
2437,1.10299056574728
2438,1.102220263348563
2439,1.101452697262584
2440,1.100687869828781
2441,1.099925783378246
2442,1.099166440233716
2443,1.098409842709569
2444,1.097655993111812
2445,1.096904893738078
2446,1.096156546877618
2447,1.095410954811293
2448,1.094668119811568
2449,1.093928044142506
2450,1.093190730059757
2451,1.092456179810557
2452,1.091724395633717
2453,1.090995379759617
2454,1.0902691344102
2455,1.089545661798965
2456,1.08882496413096
2457,1.088107043602776
2458,1.087391902402537
2459,1.086679542709899
2460,1.08596996669604
2461,1.085263176523652
2462,1.084559174346937
2463,1.083857962311599
2464,1.08315954255484
2465,1.08246391720535
2466,1.081771088383301
2467,1.081081058200344
2468,1.080393828759598
2469,1.079709402155647
2470,1.079027780474531
2471,1.078348965793743
2472,1.077672960182219
2473,1.076999765700334
2474,1.076329384399895
2475,1.075661818324134
2476,1.074997069507704
2477,1.07433513997667
2478,1.073676031748505
2479,1.073019746832083
2480,1.072366287227673
2481,1.071715654926932
2482,1.071067851912901
2483,1.070422880159996
2484,1.069780741634006
2485,1.069141438292084
2486,1.068504972082739
2487,1.067871344945836
2488,1.067240558812587
2489,1.066612615605542
2490,1.06598751723859
2491,1.065365265616946
2492,1.06474586263715
2493,1.064129310187059
2494,1.063515610145845
2495,1.062904764383981
2496,1.062296774763244
2497,1.061691643136706
2498,1.061089371348727
2499,1.06048996123495
2500,1.059893414622299
2501,1.059299733328967
2502,1.058708919164415
2503,1.058120973929367
2504,1.0575358994158
2505,1.056953697406944
2506,1.056374369677273
2507,1.0557979179925
2508,1.055224344109573
2509,1.054653649776668
2510,1.054085836733187
2511,1.053520906709746
2512,1.052958861428178
2513,1.052399702601521
2514,1.051843431934016
2515,1.051290051121104
2516,1.050739561849412
2517,1.050191965796762
2518,1.049647264632151
2519,1.049105460015755
2520,1.048566553598924
2521,1.048030547024172
2522,1.047497441925175
2523,1.046967239926767
2524,1.046439942644933
2525,1.045915551686803
2526,1.045394068650652
2527,1.04487549512589
2528,1.04435983269306
2529,1.043847082923834
2530,1.043337247381002
2531,1.042830327618476
2532,1.04232632518128
2533,1.041825241605545
2534,1.041327078418508
2535,1.040831837138503
2536,1.04033951927496
2537,1.039850126328398
2538,1.039363659790421
2539,1.038880121143715
2540,1.038399511862039
2541,1.037921833410228
2542,1.037447087244182
2543,1.036975274810862
2544,1.036506397548292
2545,1.036040456885545
2546,1.035577454242747
2547,1.035117391031068
2548,1.03466026865272
2549,1.034206088500949
2550,1.033754851960038
2551,1.033306560405293
2552,1.032861215203049
2553,1.032418817710658
2554,1.031979369276488
2555,1.03154287123992
2556,1.031109324931341
2557,1.030678731672142
2558,1.030251092774714
2559,1.029826409542444
2560,1.029404683269709
2561,1.028985915241875
2562,1.02857010673529
2563,1.028157259017284
2564,1.027747373346161
2565,1.027340450971197
2566,1.026936493132639
2567,1.026535501061695
2568,1.026137475980536
2569,1.025742419102289
2570,1.025350331631034
2571,1.024961214761803
2572,1.024575069680571
2573,1.024191897564256
2574,1.023811699580717
2575,1.023434476888745
2576,1.023060230638066
2577,1.022688961969332
2578,1.02232067201412
2579,1.021955361894929
2580,1.021593032725175
2581,1.021233685609189
2582,1.020877321642213
2583,1.020523941910398
2584,1.020173547490796
2585,1.019826139451364
2586,1.019481718850956
2587,1.019140286739318
2588,1.01880184415709
2589,1.018466392135801
2590,1.018133931697862
2591,1.01780446385657
2592,1.017477989616098
2593,1.017154509971496
2594,1.016834025908687
2595,1.016516538404463
2596,1.016202048426484
2597,1.015890556933273
2598,1.015582064874215
2599,1.015276573189553
2600,1.014974082810383
2601,1.014674594658658
2602,1.014378109647176
2603,1.014084628679583
2604,1.013794152650373
2605,1.013506682444874
2606,1.01322221893926
2607,1.012940763000537
2608,1.012662315486544
2609,1.012386877245953
2610,1.012114449118263
2611,1.011845031933797
2612,1.011578626513705
2613,1.011315233669953
2614,1.011054854205328
2615,1.010797488913432
2616,1.010543138578681
2617,1.010291803976298
2618,1.010043485872321
2619,1.009798185023587
2620,1.009555902177742
2621,1.009316638073233
2622,1.009080393439302
2623,1.008847168995993
2624,1.008616965454142
2625,1.00838978351538
2626,1.008165623872127
2627,1.00794448720759
2628,1.007726374195766
2629,1.007511285501433
2630,1.007299221780153
2631,1.007090183678268
2632,1.006884171832898
2633,1.00668118687194
2634,1.006481229414065
2635,1.006284300068716
2636,1.006090399436109
2637,1.005899528107225
2638,1.005711686663815
2639,1.005526875678396
2640,1.005345095714246
2641,1.005166347325406
2642,1.004990631056677
2643,1.00481794744362
2644,1.00464829701255
2645,1.00448168028054
2646,1.004318097755415
2647,1.004157549935753
2648,1.004000037310882
2649,1.00384556036088
2650,1.003694119556572
2651,1.003545715359529
2652,1.003400348222067
2653,1.003258018587246
2654,1.003118726888867
2655,1.002982473551473
2656,1.002849258990347
2657,1.002719083611508
2658,1.002591947811713
2659,1.002467851978456
2660,1.002346796489963
2661,1.002228781715197
2662,1.002113808013849
2663,1.002001875736345
2664,1.00189298522384
2665,1.001787136808216
2666,1.001684330812086
2667,1.001584567548789
2668,1.00148784732239
2669,1.001394170427679
2670,1.001303537150171
2671,1.001215947766104
2672,1.001131402542438
2673,1.001049901736857
2674,1.000971445597764
2675,1.000896034364282
2676,1.000823668266256
2677,1.000754347524246
2678,1.000688072349535
2679,1.000624842944119
2680,1.000564659500713
2681,1.000507522202748
2682,1.000453431224372
2683,1.000402386730446
2684,1.000354388876548
2685,1.000309437808967
2686,1.000267533664709
2687,1.000228676571493
2688,1.000192866647749
2689,1.000160104002622
2690,1.000130388735967
2691,1.000103720938352
2692,1.000080100691059
2693,1.000059528066077
2694,1.00004200312611
2695,1.000027525924571
2696,1.000016096505584
2697,1.000007714903986
2698,1.000002381145322
2699,1.000000095245849
2700,1.000000857212534
2701,1.000004667043054
2702,1.000011524725798
2703,1.000021430239864
2704,1.000034383555061
2705,1.00005038463191
2706,1.000069433421642
2707,1.000091529866198
2708,1.000116673898232
2709,1.000144865441107
2710,1.0001761044089
2711,1.000210390706398
2712,1.000247724229101
2713,1.000288104863223
2714,1.000331532485687
2715,1.000378006964133
2716,1.000427528156912
2717,1.00048009591309
2718,1.000535710072449
2719,1.000594370465482
2720,1.000656076913403
2721,1.000720829228136
2722,1.000788627212326
2723,1.000859470659334
2724,1.000933359353239
2725,1.001010293068836
2726,1.001090271571644
2727,1.001173294617898
2728,1.001259361954554
2729,1.001348473319292
2730,1.001440628440511
2731,1.001535827037335
2732,1.001634068819612
2733,1.001735353487913
2734,1.001839680733537
2735,1.001947050238507
2736,1.002057461675577
2737,1.002170914708227
2738,1.002287408990666
2739,1.002406944167836
2740,1.002529519875411
2741,1.002655135739794
2742,1.002783791378127
2743,1.002915486398283
2744,1.003050220398875
2745,1.00318799296925
2746,1.003328803689496
2747,1.003472652130442
2748,1.003619537853655
2749,1.003769460411449
2750,1.003922419346879
2751,1.004078414193747
2752,1.004237444476602
2753,1.004399509710739
2754,1.004564609402207
2755,1.004732743047803
2756,1.004903910135078
2757,1.005078110142338
2758,1.005255342538645
2759,1.005435606783818
2760,1.005618902328435
2761,1.005805228613837
2762,1.005994585072125
2763,1.006186971126167
2764,1.006382386189595
2765,1.006580829666811
2766,1.006782300952984
2767,1.006986799434059
2768,1.00719432448675
2769,1.007404875478549
2770,1.007618451767724
2771,1.007835052703324
2772,1.008054677625178
2773,1.008277325863898
2774,1.008502996740883
2775,1.008731689568318
2776,1.008963403649176
2777,1.009198138277226
2778,1.009435892737027
2779,1.009676666303935
2780,1.009920458244105
2781,1.010167267814491
2782,1.010417094262851
2783,1.010669936827746
2784,1.010925794738548
2785,1.011184667215434
2786,1.011446553469397
2787,1.011711452702241
2788,1.01197936410659
2789,1.012250286865885
2790,1.01252422015439
2791,1.012801163137192
2792,1.013081114970207
2793,1.013364074800179
2794,1.013650041764684
2795,1.013939014992133
2796,1.014230993601773
2797,1.014525976703694
2798,1.014823963398826
2799,1.015124952778945
2800,1.015428943926676
2801,1.015735935915495
2802,1.016045927809731
2803,1.016358918664571
2804,1.016674907526059
2805,1.016993893431104
2806,1.017315875407479
2807,1.017640852473827
2808,1.017968823639661
2809,1.018299787905368
2810,1.018633744262213
2811,1.018970691692343
2812,1.019310629168787
2813,1.019653555655459
2814,1.019999470107167
2815,1.02034837146961
2816,1.020700258679381
2817,1.021055130663977
2818,1.021412986341795
2819,1.021773824622138
2820,1.02213764440522
2821,1.022504444582166
2822,1.022874224035019
2823,1.023246981636741
2824,1.023622716251214
2825,1.024001426733252
2826,1.024383111928595
2827,1.024767770673917
2828,1.02515540179683
2829,1.025546004115886
2830,1.025939576440581
2831,1.02633611757136
2832,1.026735626299617
2833,1.027138101407705
2834,1.027543541668932
2835,1.02795194584757
2836,1.028363312698859
2837,1.028777640969007
2838,1.029194929395196
2839,1.029615176705588
2840,1.030038381619324
2841,1.030464542846534
2842,1.030893659088333
2843,1.031325729036833
2844,1.031760751375143
2845,1.032198724777373
2846,1.032639647908638
2847,1.033083519425064
2848,1.033530337973788
2849,1.033980102192969
2850,1.034432810711784
2851,1.034888462150439
2852,1.03534705512017
2853,1.035808588223244
2854,1.036273060052973
2855,1.036740469193707
2856,1.037210814220845
2857,1.03768409370084
2858,1.038160306191197
2859,1.038639450240487
2860,1.03912152438834
2861,1.03960652716546
2862,1.040094457093622
2863,1.040585312685683
2864,1.041079092445578
2865,1.041575794868334
2866,1.042075418440068
2867,1.042577961637994
2868,1.043083422930428
2869,1.04359180077679
2870,1.044103093627614
2871,1.044617299924546
2872,1.045134418100355
2873,1.045654446578934
2874,1.046177383775305
2875,1.046703228095625
2876,1.047231977937191
2877,1.047763631688445
2878,1.048298187728976
2879,1.04883564442953
2880,1.04937600015201
2881,1.049919253249483
2882,1.050465402066188
2883,1.051014444937535
2884,1.051566380190115
2885,1.052121206141703
2886,1.052678921101264
2887,1.053239523368956
2888,1.053803011236141
2889,1.05436938298538
2890,1.054938636890449
2891,1.055510771216339
2892,1.056085784219259
2893,1.056663674146648
2894,1.057244439237173
2895,1.057828077720741
2896,1.058414587818499
2897,1.059003967742843
2898,1.059596215697422
2899,1.060191329877142
2900,1.060789308468176
2901,1.061390149647964
2902,1.061993851585223
2903,1.06260041243995
2904,1.063209830363428
2905,1.063822103498234
2906,1.064437229978239
2907,1.065055207928622
2908,1.065676035465867
2909,1.066299710697775
2910,1.066926231723468
2911,1.067555596633392
2912,1.068187803509328
2913,1.068822850424394
2914,1.069460735443052
2915,1.070101456621113
2916,1.070745012005744
2917,1.071391399635474
2918,1.072040617540202
2919,1.072692663741196
2920,1.073347536251108
2921,1.074005233073972
2922,1.074665752205219
2923,1.075329091631672
2924,1.075995249331563
2925,1.07666422327453
2926,1.077336011421633
2927,1.078010611725349
2928,1.078688022129587
2929,1.07936824056969
2930,1.080051264972445
2931,1.080737093256082
2932,1.081425723330291
2933,1.082117153096217
2934,1.082811380446476
2935,1.083508403265155
2936,1.084208219427821
2937,1.084910826801529
2938,1.085616223244825
2939,1.086324406607755
2940,1.087035374731871
2941,1.087749125450236
2942,1.088465656587434
2943,1.089184965959573
2944,1.089907051374296
2945,1.090631910630781
2946,1.091359541519754
2947,1.092089941823495
2948,1.09282310931584
2949,1.093559041762192
2950,1.094297736919529
2951,1.095039192536404
2952,1.095783406352962
2953,1.096530376100938
2954,1.097280099503666
2955,1.098032574276092
2956,1.098787798124772
2957,1.099545768747885
2958,1.100306483835237
2959,1.101069941068271
2960,1.101836138120071
2961,1.10260507265537
2962,1.103376742330559
2963,1.104151144793692
2964,1.104928277684492
2965,1.105708138634365
2966,1.106490725266396
2967,1.107276035195367
2968,1.108064066027758
2969,1.108854815361755
2970,1.109648280787261
2971,1.1104444598859
2972,1.111243350231022
2973,1.112044949387718
2974,1.112849254912821
2975,1.113656264354914
2976,1.11446597525434
2977,1.115278385143209
2978,1.116093491545403
2979,1.116911291976589
2980,1.117731783944218
2981,1.118554964947541
2982,1.119380832477612
2983,1.120209384017297
2984,1.121040617041283
2985,1.121874529016081
2986,1.122711117400039
2987,1.123550379643348
2988,1.124392313188048
2989,1.125236915468038
2990,1.126084183909084
2991,1.126934115928825
2992,1.12778670893678
2993,1.128641960334361
2994,1.129499867514875
2995,1.130360427863536
2996,1.131223638757471
2997,1.132089497565729
2998,1.132958001649286
2999,1.13382914836106
3000,1.134702935045911
3001,1.135579359040654
3002,1.136458417674065
3003,1.137340108266891
3004,1.138224428131858
3005,1.139111374573676
3006,1.140000944889052
3007,1.140893136366692
3008,1.141787946287318
3009,1.142685371923667
3010,1.143585410540508
3011,1.14448805939464
3012,1.145393315734913
3013,1.146301176802225
3014,1.147211639829537
3015,1.148124702041879
3016,1.14904036065636
3017,1.149958612882175
3018,1.150879455920613
3019,1.151802886965067
3020,1.152728903201044
3021,1.153657501806169
3022,1.154588679950198
3023,1.155522434795024
3024,1.156458763494687
3025,1.157397663195383
3026,1.15833913103547
3027,1.159283164145481
3028,1.160229759648128
3029,1.161178914658315
3030,1.162130626283143
3031,1.163084891621924
3032,1.164041707766183
3033,1.165001071799673
3034,1.165962980798381
3035,1.166927431830536
3036,1.167894421956621
3037,1.168863948229379
3038,1.169836007693822
3039,1.170810597387244
3040,1.171787714339225
3041,1.172767355571643
3042,1.173749518098683
3043,1.174734198926845
3044,1.175721395054954
3045,1.176711103474165
3046,1.177703321167982
3047,1.178698045112256
3048,1.179695272275203
3049,1.180694999617406
3050,1.181697224091831
3051,1.18270194264383
3052,1.183709152211157
3053,1.184718849723972
3054,1.18573103210485
3055,1.186745696268794
3056,1.187762839123245
3057,1.188782457568086
3058,1.189804548495657
3059,1.190829108790761
3060,1.191856135330676
3061,1.19288562498516
3062,1.193917574616469
3063,1.194951981079356
3064,1.195988841221088
3065,1.197028151881456
3066,1.198069909892778
3067,1.199114112079916
3068,1.20016075526028
3069,1.201209836243842
3070,1.202261351833144
3071,1.203315298823306
3072,1.204371674002038
3073,1.20543047414965
3074,1.20649169603906
3075,1.207555336435807
3076,1.208621392098055
3077,1.209689859776611
3078,1.210760736214926
3079,1.211834018149113
3080,1.212909702307952
3081,1.213987785412901
3082,1.215068264178106
3083,1.216151135310413
3084,1.217236395509375
3085,1.218324041467264
3086,1.219414069869081
3087,1.220506477392563
3088,1.221601260708201
3089,1.222698416479238
3090,1.223797941361692
3091,1.224899832004358
3092,1.226004085048819
3093,1.227110697129461
3094,1.228219664873477
3095,1.229330984900882
3096,1.230444653824521
3097,1.231560668250079
3098,1.232679024776094
3099,1.233799719993964
3100,1.23492275048796
3101,1.236048112835235
3102,1.237175803605835
3103,1.238305819362709
3104,1.23943815666172
3105,1.240572812051656
3106,1.241709782074237
3107,1.242849063264131
3108,1.243990652148961
3109,1.245134545249317
3110,1.246280739078766
3111,1.247429230143861
3112,1.248580014944155
3113,1.249733089972211
3114,1.250888451713609
3115,1.252046096646961
3116,1.253206021243919
3117,1.254368221969189
3118,1.255532695280538
3119,1.256699437628806
3120,1.25786844545792
3121,1.259039715204898
3122,1.260213243299869
3123,1.261389026166074
3124,1.262567060219884
3125,1.263747341870809
3126,1.264929867521508
3127,1.2661146335678
3128,1.267301636398678
3129,1.268490872396315
3130,1.269682337936079
3131,1.270876029386542
3132,1.27207194310949
3133,1.27327007545994
3134,1.274470422786144
3135,1.275672981429604
3136,1.27687774772508
3137,1.278084718000608
3138,1.279293888577501
3139,1.280505255770371
3140,1.281718815887132
3141,1.282934565229013
3142,1.284152500090575
3143,1.285372616759713
3144,1.286594911517676
3145,1.287819380639072
3146,1.289046020391882
3147,1.290274827037473
3148,1.291505796830607
3149,1.292738926019451
3150,1.293974210845592
3151,1.295211647544048
3152,1.296451232343276
3153,1.297692961465187
3154,1.298936831125158
3155,1.300182837532039
3156,1.301430976888169
3157,1.302681245389387
3158,1.303933639225041
3159,1.305188154578001
3160,1.306444787624673
3161,1.307703534535006
3162,1.308964391472508
3163,1.310227354594256
3164,1.311492420050907
3165,1.312759583986711
3166,1.31402884253952
3167,1.315300191840804
3168,1.316573628015661
3169,1.317849147182826
3170,1.319126745454689
3171,1.320406418937299
3172,1.321688163730383
3173,1.322971975927355
3174,1.324257851615326
3175,1.325545786875118
3176,1.326835777781277
3177,1.328127820402083
3178,1.329421910799563
3179,1.330718045029502
3180,1.332016219141456
3181,1.333316429178763
3182,1.334618671178557
3183,1.335922941171779
3184,1.337229235183187
3185,1.338537549231372
3186,1.339847879328768
3187,1.341160221481663
3188,1.342474571690213
3189,1.343790925948455
3190,1.345109280244317
3191,1.346429630559631
3192,1.347751972870145
3193,1.349076303145538
3194,1.350402617349426
3195,1.351730911439381
3196,1.353061181366941
3197,1.35439342307762
3198,1.355727632510923
3199,1.357063805600359
3200,1.358401938273451
3201,1.359742026451747
3202,1.36108406605084
3203,1.36242805298037
3204,1.363773983144047
3205,1.365121852439653
3206,1.366471656759064
3207,1.367823391988256
3208,1.369177054007321
3209,1.370532638690479
3210,1.371890141906087
3211,1.373249559516657
3212,1.374610887378866
3213,1.375974121343568
3214,1.377339257255808
3215,1.378706290954835
3216,1.380075218274112
3217,1.381446035041332
3218,1.382818737078429
3219,1.384193320201588
3220,1.385569780221266
3221,1.386948112942195
3222,1.388328314163402
3223,1.389710379678216
3224,1.391094305274289
3225,1.392480086733598
3226,1.393867719832469
3227,1.395257200341579
3228,1.396648524025977
3229,1.398041686645096
3230,1.399436683952761
3231,1.400833511697207
3232,1.402232165621089
3233,1.403632641461498
3234,1.40503493494997
3235,1.406439041812501
3236,1.407844957769562
3237,1.409252678536108
3238,1.410662199821594
3239,1.412073517329988
3240,1.413486626759782
3241,1.414901523804009
3242,1.416318204150249
3243,1.417736663480652
3244,1.419156897471942
3245,1.420578901795436
3246,1.422002672117054
3247,1.423428204097335
3248,1.424855493391448
3249,1.426284535649206
3250,1.427715326515077
3251,1.429147861628204
3252,1.430582136622411
3253,1.432018147126219
3254,1.433455888762858
3255,1.434895357150286
3256,1.436336547901194
3257,1.437779456623026
3258,1.439224078917989
3259,1.440670410383066
3260,1.442118446610033
3261,1.443568183185469
3262,1.44501961569077
3263,1.446472739702164
3264,1.447927550790722
3265,1.449384044522375
3266,1.450842216457925
3267,1.452302062153058
3268,1.453763577158359
3269,1.455226757019326
3270,1.456691597276383
3271,1.458158093464891
3272,1.459626241115167
3273,1.461096035752491
3274,1.462567472897127
3275,1.46404054806433
3276,1.465515256764364
3277,1.466991594502514
3278,1.468469556779101
3279,1.469949139089491
3280,1.471430336924116
3281,1.472913145768482
3282,1.474397561103187
3283,1.47588357840393
3284,1.47737119314153
3285,1.478860400781934
3286,1.480351196786239
3287,1.481843576610695
3288,1.483337535706729
3289,1.484833069520953
3290,1.486330173495179
3291,1.487828843066436
3292,1.489329073666977
3293,1.4908308607243
3294,1.492334199661159
3295,1.493839085895579
3296,1.495345514840866
3297,1.496853481905625
3298,1.498362982493776
3299,1.499874012004562
3300,1.501386565832566
3301,1.502900639367727
3302,1.50441622799535
3303,1.505933327096125
3304,1.507451932046135
3305,1.508972038216876
3306,1.510493640975266
3307,1.512016735683664
3308,1.51354131769988
3309,1.515067382377193
3310,1.516594925064361
3311,1.518123941105637
3312,1.519654425840785
3313,1.521186374605093
3314,1.522719782729385
3315,1.524254645540036
3316,1.525790958358991
3317,1.527328716503774
3318,1.528867915287503
3319,1.530408550018906
3320,1.531950616002333
3321,1.533494108537774
3322,1.535039022920869
3323,1.536585354442926
3324,1.538133098390933
3325,1.539682250047573
3326,1.541232804691238
3327,1.542784757596045
3328,1.544338104031849
3329,1.545892839264257
3330,1.547448958554646
3331,1.549006457160169
3332,1.550565330333779
3333,1.55212557332424
3334,1.553687181376139
3335,1.555250149729903
3336,1.556814473621813
3337,1.55838014828402
3338,1.559947168944555
3339,1.561515530827351
3340,1.563085229152247
3341,1.564656259135014
3342,1.566228615987363
3343,1.567802294916958
3344,1.569377291127438
3345,1.570953599818425
3346,1.572531216185539
3347,1.574110135420417
3348,1.575690352710724
3349,1.577271863240168
3350,1.578854662188517
3351,1.580438744731611
3352,1.582024106041378
3353,1.583610741285848
3354,1.585198645629169
3355,1.586787814231621
3356,1.58837824224963
3357,1.589969924835784
3358,1.591562857138846
3359,1.593157034303772
3360,1.594752451471723
3361,1.596349103780081
3362,1.597946986362461
3363,1.599546094348733
3364,1.601146422865027
3365,1.602747967033758
3366,1.60435072197363
3367,1.605954682799663
3368,1.607559844623196
3369,1.609166202551912
3370,1.610773751689847
3371,1.612382487137404
3372,1.613992403991373
3373,1.615603497344944
3374,1.617215762287717
3375,1.618829193905725
3376,1.620443787281444
3377,1.622059537493809
3378,1.623676439618229
3379,1.625294488726602
3380,1.626913679887331
3381,1.628534008165338
3382,1.630155468622078
3383,1.631778056315556
3384,1.633401766300341
3385,1.635026593627583
3386,1.636652533345024
3387,1.638279580497019
3388,1.639907730124543
3389,1.641536977265215
3390,1.643167316953307
3391,1.644798744219762
3392,1.646431254092206
3393,1.648064841594967
3394,1.64969950174909
3395,1.651335229572349
3396,1.652972020079263
3397,1.654609868281113
3398,1.656248769185957
3399,1.657888717798645
3400,1.659529709120831
3401,1.661171738150993
3402,1.662814799884446
3403,1.664458889313357
3404,1.666104001426761
3405,1.667750131210577
3406,1.66939727364762
3407,1.67104542371762
3408,1.672694576397237
3409,1.674344726660073
3410,1.675995869476689
3411,1.677647999814624
3412,1.679301112638405
3413,1.680955202909565
3414,1.682610265586657
3415,1.684266295625271
3416,1.68592328797805
3417,1.687581237594703
3418,1.689240139422018
3419,1.690899988403885
3420,1.692560779481307
3421,1.694222507592415
3422,1.695885167672481
3423,1.697548754653942
3424,1.699213263466406
3425,1.700878689036672
3426,1.702545026288746
3427,1.704212270143854
3428,1.705880415520459
3429,1.707549457334278
3430,1.709219390498293
3431,1.710890209922772
3432,1.712561910515279
3433,1.714234487180696
3434,1.715907934821232
3435,1.717582248336441
3436,1.71925742262324
3437,1.72093345257592
3438,1.722610333086168
3439,1.724288059043074
3440,1.725966625333154
3441,1.727646026840363
3442,1.729326258446108
3443,1.73100731502927
3444,1.73268919146621
3445,1.734371882630795
3446,1.736055383394406
3447,1.737739688625958
3448,1.739424793191914
3449,1.7411106919563
3450,1.742797379780722
3451,1.744484851524382
3452,1.746173102044088
3453,1.74786212619428
3454,1.749551918827039
3455,1.751242474792101
3456,1.752933788936877
3457,1.754625856106469
3458,1.756318671143681
3459,1.75801222888904
3460,1.759706524180808
3461,1.761401551854997
3462,1.763097306745391
3463,1.764793783683556
3464,1.766490977498856
3465,1.76818888301847
3466,1.769887495067411
3467,1.771586808468534
3468,1.77328681804256
3469,1.774987518608088
3470,1.776688904981607
3471,1.778390971977521
3472,1.780093714408155
3473,1.781797127083779
3474,1.783501204812619
3475,1.785205942400872
3476,1.786911334652727
3477,1.788617376370376
3478,1.79032406235403
3479,1.79203138740194
3480,1.793739346310406
3481,1.795447933873799
3482,1.79715714488457
3483,1.798866974133274
3484,1.800577416408579
3485,1.802288466497286
3486,1.804000119184343
3487,1.805712369252859
3488,1.807425211484127
3489,1.809138640657631
3490,1.810852651551069
3491,1.812567238940364
3492,1.814282397599682
3493,1.81599812230145
3494,1.817714407816367
3495,1.819431248913426
3496,1.821148640359921
3497,1.822866576921475
3498,1.824585053362046
3499,1.826304064443947
3500,1.828023604927862
3501,1.829743669572862
3502,1.831464253136419
3503,1.833185350374425
3504,1.834906956041203
3505,1.836629064889532
3506,1.838351671670651
3507,1.840074771134288
3508,1.841798358028663
3509,1.843522427100515
3510,1.845246973095112
3511,1.846971990756267
3512,1.848697474826357
3513,1.850423420046337
3514,1.852149821155757
3515,1.853876672892775
3516,1.85560396999418
3517,1.8573317071954
3518,1.859059879230523
3519,1.860788480832311
3520,1.862517506732217
3521,1.864246951660403
3522,1.865976810345749
3523,1.867707077515878
3524,1.869437747897167
3525,1.871168816214764
3526,1.872900277192603
3527,1.874632125553422
3528,1.87636435601878
3529,1.87809696330907
3530,1.879829942143535
3531,1.881563287240287
3532,1.883296993316322
3533,1.885031055087535
3534,1.886765467268738
3535,1.888500224573675
3536,1.890235321715036
3537,1.891970753404477
3538,1.893706514352634
3539,1.89544259926914
3540,1.897179002862639
3541,1.898915719840806
3542,1.900652744910358
3543,1.902390072777076
3544,1.904127698145816
3545,1.905865615720529
3546,1.907603820204272
3547,1.909342306299233
3548,1.911081068706736
3549,1.912820102127267
3550,1.914559401260483
3551,1.916298960805233
3552,1.918038775459572
3553,1.919778839920777
3554,1.921519148885365
3555,1.923259697049107
3556,1.925000479107042
3557,1.9267414897535
3558,1.928482723682114
3559,1.930224175585836
3560,1.931965840156951
3561,1.933707712087099
3562,1.935449786067287
3563,1.937192056787907
3564,1.93893451893875
3565,1.940677167209024
3566,1.942419996287368
3567,1.944163000861875
3568,1.945906175620097
3569,1.947649515249072
3570,1.949393014435333
3571,1.951136667864927
3572,1.952880470223432
3573,1.954624416195972
3574,1.95636850046723
3575,1.958112717721472
3576,1.959857062642556
3577,1.961601529913952
3578,1.963346114218756
3579,1.965090810239709
3580,1.96683561265921
3581,1.968580516159336
3582,1.970325515421852
3583,1.972070605128233
3584,1.97381577995968
3585,1.975561034597132
3586,1.977306363721288
3587,1.979051762012615
3588,1.980797224151375
3589,1.982542744817631
3590,1.98428831869127
3591,1.986033940452014
3592,1.987779604779443
3593,1.989525306353004
3594,1.991271039852033
3595,1.993016799955766
3596,1.994762581343361
3597,1.996508378693908
3598,1.99825418668645
3599,2